URL;Titre;Description;ImageFilename
https://www.academiedugout.fr/ingredients/agneau_1037;Agneau;L’agneau est un très jeune mouton, le petit de la brebis et du bélier. Qu’il soit mâle ou femelle, un agneau doit nécessairement être âgé de moins de 300 jours. Le mouton ‒ et donc l’agneau ‒ est élevé sur tous les continents de la planète.En France, on distingue différents types d’agneaux :Agnelet ou agneau de lait :Abattu, non sevré, entre 5 et 6 semaines lorsqu’il pèse de 6 à 10 kg, il a été uniquement nourri au lait de brebis. Sa viande, très blanche, est tendre et un peu douceâtre.Agneau de boucherie ou agneau blanc :Nourri au lait (de vache ou de brebis) et aux céréales, il est abattu entre 3 et 5 mois, et pèse de 16 à 25 kg. Sa chair est plus colorée, tendre, avec un goût plus prononcé.Agneau gris d’herbages ou broutard :Sevré et nourri d’herbe et de céréales, il est abattu entre 6 et 10 mois, et pèse de 20 à 30 kg. Sa chair est rouge clair, plus grasse, et a un goût bien plus affirmé.Dans cette catégorie, les agneaux de prés salés , ceux du Mont-Saint-Michel et de la baie de Somme en France, ceux de l’île Verte au Québec, ceux de l’île Salt Spring en Colombie-Britannique, broutent les plantes salées par les embruns de la mer et ont, de ce fait, une chair particulièrement savoureuse.Les trois types d’agneaux existent dans d’autres pays, mais sous des dénominations différentes. Les plus fréquentes sont : agneau de lait, agneau moyen et agneau lourd.;agneau_000.jpg
https://www.academiedugout.fr/ingredients/boeuf_970;Bœuf;"Le bœuf est un animal bovin, mâle, castré, adulte. S'il ne l'avait pas été (castré), il serait resté un taureau. La femelle se nomme vache. Le bœuf devient adulte à 3 ans.Mais la viande de bœuf ou viande bovine peut provenir d'un bovin mâle castré de 15 mois (il s'appelle alors ""baby bœuf"") d'un taurillon (mâle non castré) de 18 à 20 mois ou d'un taureau de 2 à 5 ans (qui a d'abord oeuvré pour la reproduction) ou d'une jeune vache de 24 à 36 mois qui n'a jamais eu de veau ou d'une vache laitière de 6 à 8 ans ou encore d'une vache ou d'un taureau dits ""de réforme"" que leur vieillesse envoie à l'abattoir.";boeuf_000.jpg
https://www.academiedugout.fr/ingredients/canard_964;Canard;Le canard est un volatile particulièrement apprécié pour sa chair fine et savoureuse. Emblématique du Sud-Ouest, le canard n'est pas uniquement gavé pour faire dufoie graset desmagrets: sa viande est consommée telle quelle, farcie ou confite dans sagraisse. Petit, c'est un canneton ou une canette. Le magret de canard est le nom donné au filet de canard issu d'animaux gavés, élevés pour leur foie gras.;fotolia_59399384_subscription_xl.jpg
https://www.academiedugout.fr/ingredients/collier-dagneau_557;Collier d'agneau;Le collier d'agneau - ou collet - est le morceau situé dans le cou de l'animal. Moins gras que la poitrine d'agneau, il comporte généralement plusieurs os lorsqu'il est acheté entier. Un peu gélatineux, le collier d'agneau est une viande qui gagne à être mijotée.;fotolia_6455868_subscription_xl-copy.jpg
https://www.academiedugout.fr/ingredients/coppa_513;Coppa;La coppa est une charcuterie originaire d'Italie du Nord, également produite de façon artisanale en Corse. Elle est réalisée à base d'échine de porc. Celle-ci est désossée, salée et aromatisée (poivre, ail...) avant d'être compressée dans un boyau puis mise à sécher pendant plusieurs mois. Tendre lorsqu'elle est jeune, la coppa s'affermit au fil de mois. Celle produite à Plaisance (Italie) bénéficie de la dénomination d'origine protégée (DOP) « coppa piacentina ». Elle est affinée 6 mois au minimum. A la coupe, la coppa est de couleur rouge vif, avec de fines marbrures de gras, moelleuses et savoureuses.;fotolia_32639280_subscription_xxl-copy.jpg
https://www.academiedugout.fr/ingredients/chorizo_719;Chorizo;Le chorizo est une spécialité charcutière très populaire en Espagne et au Mexique. Il se présente sous la forme d'un saucisson de 2,5 à 3,5 cm de diamètre. Le chorizo ibérique est réalisé à base de viande de porc fumée et d'ail. Au Portugal, il prend le nom de « chouriço » et peut contenir de la viande de boeuf. Le chorizo doit sa couleur au pimentón, paprika doux utilisé pour le parfumer. Il peut être replié sur lui-même ou bien se présenter sous forme en chapelet.;fotolia_56276603_subscription_xl-copy.jpg
https://www.academiedugout.fr/ingredients/foie-gras_907;Foie gras;Fleuron de la gastronomie française, le foie gras est issu de l’engraissement d’oies ou de canards selon une méthode de gavage bien précise (et réglementée) qui commence de 10 à 14 jours avant leur abattage. Le gavage consiste à introduire dans le jabot de l’oie ou du canard un mélange d’eau et de maïs (entier ou broyé). Les glucides du maïs se transforment en lipides (graisse) qui, par un processus totalement physiologique, s’accumulent dans le foie de l’animal.En Europe, et surtout en France, le foie gras cru est vendu sans conditionnement spécifique sur les marchés de gras. Sinon il est emballé sous vide. Il se conserve durant 1 semaine à une température comprise entre 0 et 4 °C, et possède une date de péremption (généralement de 7 jours). Un foie gras d’oie pèse entre 600 et 700 g (poids minimum de 400 g), un foie de canard entre 450 et 600 g (poids minimum de 300 g).;foie-gras-v2_000.jpg
https://www.academiedugout.fr/ingredients/graisse-de-canard_530;Graisse de canard;Comme la graisse d’oie, la graisse de canard se révèle être un merveilleux substitut aux autres matières grasses tels que l’huile d’olive et le beurre. Composée de gras mono insaturés (acides gras sources d’énergie permettant de baisser le mauvais cholestérol et d’augmenter le bon), la graisse d’oie protège des risques cardiovasculaires. Toutefois, cette graisse qualifiée de bon gras ne doit être utilisée que pour une consommation occasionnelle. Elle donnera d’ailleurs une note savoureuse et parfumée aux légumes sautés, aux pommes de terre rissolées et aux viandes grillées.;graisse-de-canard-copy.jpg
https://www.academiedugout.fr/ingredients/jambon-saint-daniel_515;Jambon San Daniele;Le jambon San Daniele – ou prosciutto di San Daniele – est unjambon cruitalien bénéficiant d'une appellation d'origine protégée (AOP). Il est issu de porcs élevés dans des régions spécifiques d'Italie, déterminées par le cahier des charges AOP. Ce jambon est obligatoirement maturé à San Daniele (Frioul) pendant 12 à 24 mois avant d'être marqué au fer rouge avec un logo caractéristique (initiales « SD » sur un jambon entier stylisé).;fotolia_38986596_subscription_xl-copy.jpg
https://www.academiedugout.fr/ingredients/jambon-fume_521;Jambon fumé;Le jambon fumé est issu de la cuisse entière du cochon. Il peut être cuit ou bien cru. Le jambon cru fumé est notamment une spécialité de la Fôret-Noire (région du Bade-Wurtemberg, Allemagne). Frotté avec divers aromates (coriandre, ail, poivre) puis mis à maturer en saumure (eau salée), ce jambon est ensuite fumé au bois d'épicéa ou de pin. D'autres régions françaises (Alsace, Corse, Normandie) perpétuent la tradition du fumage du jambon autrefois réalisée dans le but de conserver les cuisses de porc.;fotolia_60360989_subscription_l-copy.jpg
https://www.academiedugout.fr/ingredients/lapin_911;Lapin;Bien que le lapin soit un mammifère (un rongeur très prolifique), il n’est pas, en cuisine, considéré comme une viande mais comme une volaille, alors qu’il n’a pourtant rien d’un oiseau. Mais il devient un gibier quand il est degarenne, c’est-à-dire sauvage et non d’élevage. Contrairement aux idées reçues, on trouve et l'on consomme du lapin en Angleterre. La Chine en est le premier fournisseur mondial.;fotolia_58470922_subscription_xxl.jpg
https://www.academiedugout.fr/ingredients/lard-fume_524;Lard fumé;Le lard fumé est obtenu par fumage, au bois de hêtre notamment, dulardfrais de cochon. Ce dernier est issu de la graisse présente sous la peau de la bête (poitrine et ventre). La tradition du lard fumé est ancrée dans la gastronomie lorraine ainsi que dans les pays germaniques, où il prend le nom de speck (à ne pas confondre avec le jambon cru italien aussi appelé speck). Dans les pays anglo-saxon, il est appelé bacon.;fotolia_61945027_subscription_xxl-copy.jpg
https://www.academiedugout.fr/ingredients/lardons_525;Lardons;On appelle « lardons » les bâtonnets plus ou moins épais de lard frais ou fumé, issus du ventre ou de la poitrine du porc. Gras et savoureux, ils sont indissociables de la cuisine paysanne.;fotolia_60239833_subscription_xxl-copy.jpg
https://www.academiedugout.fr/ingredients/lard_523;Lard;Le lard est le nom donné à la partie grasse se trouvant sous la peau des bêtes, notamment du porc. Il peut être issu de la poitrine (bacon anglo-saxon), du ventre (pancetta italienne) ou encore du dos (barde de lard composée uniquement de graisse).;fotolia_54305474_subscription_xl.jpg
https://www.academiedugout.fr/ingredients/pancetta_528;Pancetta;Spécialité italienne, la pancetta est fabriquée à base de poitrine de porc épicée qui est salée et séchée (mais pas fumée) pendant trois mois environ. Elle est assez semblable au bacon, ce qui lui vaut, aux Etats-Unis, d’être surnommée « bacon italien ». On la retrouve, dans le commerce, vendue en tranches très fines ou en cubes, à la manière delardons.;fotolia_56743179_subscription_xxl-copy.jpg
https://www.academiedugout.fr/ingredients/poitrine-de-porc_532;Poitrine de porc;Aussi appelé « lard maigre », la poitrine de porc est un morceau prélevé sur le ventre de l’animal composé alors des plats de côtes et de la bardière (partie grasse). Une fois désossée, parée puis salée, la poitrine de porc est soit étuvée ou fumée. Dans les pays anglo-saxons, le termebaconrenvoie aux fines tranches de poitrine de porc fumée. C’est d’ailleurs à partir de ce morceau de lard que l’on détaille les lardons et que l’on prépare saucisses, saucissons et rillettes.;poitrine-de-porc-copy.jpg
https://www.academiedugout.fr/ingredients/poulet_1011;Poulet;"Le poulet est un des membres importants de la famille des gallinacés, le plus consommé de par le monde. Il est issu d'un œuf produit par sa mère, la poule qui maintenant le couve rarement jusqu'à ce qu'il en éclose.Il naît poussin, devient coquelet lorsqu'il est encore un petit enfant puis poulet lorsque tout jeune encore, il est abattu pour être consommé. Lorsqu'il est de qualité, il est souvent baptisé ""volaille"" ou ""poularde"". Si on lui laisse la vie et qu'il est mâle, il devient alors un coq domestique qui peut lorsqu'il est engraissé de façon particulière se transformer en chapon.Poussin, poulet,poularde,poule,coq,chapon, tous se cuisinent.";poulet_024.jpg
https://www.academiedugout.fr/ingredients/poule_802;Poule;La poule est une volaille qui, contrairement au poulet, ne peut être abattue qu'à partir de 18 mois. Il peut s'agir d'une ancienne poule pondeuse ou bien d'une poule de variété ancienne, élevée uniquement pour sa chair. La chair de la poule est plus fondante que celle du poulet.;fotolia_40604291_subscription_xxl-copy.jpg
https://www.academiedugout.fr/ingredients/veau_858;Veau;Le veau est le petit de la vache artificiellement inséminée par les paillettes de la semence d’un taureau. Elle le porte pendant neuf mois, et quand elle le met au monde, il pèse entre 40 et 60 kg et mesure environ 80 cm. Le veau est toujours un animal bovin âgé de 5 à 10 mois (il est généralement abattu vers l’âge de 5 ou 6 mois). La viande de veau est classée dans les viandes dites « blanches » même si elle n’est pas toujours de cette couleur, la qualité de la viande dépendant essentiellement de la façon dont le veau a été élevé et nourri. La France et l’Italie sont les plus gros consommateurs européens de viande de veau. Celle-ci est assez peu consommée aux États-Unis.;veau_000.jpg
https://www.academiedugout.fr/ingredients/coq_598;Coq;Le coq désigne le mâle adulte reproducteur de la poule. C'est une volaille de la famille de galliformes. Contrairement au chapon, castré, le coq développe une crête caractéristique et une masse musculaire plus importante, sous l'influence des hormones mâles. Le plus connu des coqs est le coq gaulois, qui est également l'emblème de la France.;fotolia_46961086_subscription_xl-copy.jpg
https://www.academiedugout.fr/ingredients/filet-mignon-de-porc_563;Filet mignon de porc;Le filet mignon de porc est une pièce de choix chez le porc : c’est un des plus moelleux... et des plus coûteux ! Situé entre la pointe de filet, les côtes filet et le filet, cette pièce offre une chair tendre et peu grasse. Egalement appelé noisette, le filet mignon est issu d’un muscle tout en longueur. Il y en a deux par porc. Les voyageurs avertis savent que selon le pays où l’on se trouve, « filet mignon » ne désigne pas forcément la même pièce, ni la même viande : aux Etats-Unis, on appelle « filet mignon » un filet de bœuf.;fotolia_50141544_subscription_xxl-copy.jpg
https://www.academiedugout.fr/ingredients/paleron-de-boeuf_586;Paleron de bœuf;Chez le bœuf (ou le veau), le paleron est situé au niveau de l’omoplate, près du collier. Il possède des fibres courtes et maigres. C’est un morceau gras et charnu, séparé en deux par une bande de collagène qui se gélifie à la cuisson. Cette spécificité fait du paleron une pièce de choix pour bien des recettes où ce côté gélatineux est apprécié : bœuf bourguignon, viande en cocotte, pot-au-feu.;paleron-de-boeuf-10-kg-copy.jpg
https://www.academiedugout.fr/ingredients/chevreuil_546;Chevreuil;Viande noble, appréciée des fins palais, le chevreuil est présent sur nos tables essentiellement en hiver, durant la période des fêtes. Grâce à l'encadrement de sa chasse, le chevreuil est particulièrement bien représenté dans les forêts européennes. Côté nutrition, ce gibier a l'avantage d'être à la fois une viande maigre et très bien pourvue en fer et en protéines.;fotolia_23530933_subscription_xl-copy.jpg
https://www.academiedugout.fr/ingredients/faisan_901;Faisan;Le faisan est un gallinacé, de la même famille que le poulet. C’est un gibier, pas un animal de basse-cour. Mais lorsqu’il est élevé pour alimenter la chasse et lâché peu de temps avant celle-ci, il a malheureusement tendance à se rapprocher de son lointain cousin. Le faisan a un plumage diversement coloré et une queue plus ou moins longue. La femelle se nomme « poule faisane », tandis que le mâle est parfois appelé « coq », ce qui n’est pas sans rappeler ses liens de parenté avec le poulet.;faisan_000.jpg
https://www.academiedugout.fr/ingredients/porc_1015;Porc;"Le porc, que l'on appelle aussi cochon, est un mammifère omnivore, cousin du sanglier. Mâle, il se nomme ""verrat"" tandis que la femelle porte le nom de ""truie"". Tant qu'il n'est pas sevré, un jeune porc s'appelle ""goret"", ""cochonnet"", ""porcelet"" et, en cuisine ""cochon de lait"". Quand il est sevré, il porte le nom de ""nourrain"".La viande du porc est la plus consommée au monde. On dénombre 350 races de cet animal, classées en quatre grandes catégories : races locales, chinoises, grandes races sélectionnées et lignées issues de croisements entre races.Deux méthodes d'élevage s'affrontent pour cet animal dont la viande est la plus consommée au monde : traditionnelle et intensive, celle-ci étant faite avec les lignées issues de croisement entre races et qui représente 95 % de la viande commercialisée. La qualité de leur chair n'est évidemment pas la même.";porc_000.jpg
https://www.academiedugout.fr/ingredients/lievre_906;Lièvre;Ce petit mammifère herbivore ressemble beaucoup au lapin. Mais, contrairement à son cousin, il n’a jamais été domestiqué et il reste un gibier familier de tous les chasseurs. Son pelage est de couleur fauve, son ventre souvent blanc cassé, ses oreilles très longues. Il mesure de 48 à 70 cm selon les espèces. Il vit sur tous les continents de la planète.;fotolia_63866931_subscription_xxl.jpg
https://www.academiedugout.fr/ingredients/steak-cheval_578;Steak (cheval);Généralement découpé dans le tocar ou le merlan (deux morceaux de choix du cheval), le steak de cheval est un morceau tendre, spécialement découpé en tranche. Cette viande étant généralement consommée saignante, on grille le steak rapidement avant de le consommer, à moins d’en faire un tartare. D’un goût fin, la viande de cheval est en plus excellente d’un point de vue nutritionnel puisque pauvre en matières grasses et riche en fer.;fotolia_62964186_subscription_xxl-copy.jpg
https://www.academiedugout.fr/ingredients/lapereau_601;Lapereau;Le lapereau est le nom donné au jeune lapin souvent issu de la race « Garenne ». Il peut être sauvage ou d'élevage. Le lapereau a la chair plus tendre mais moins savoureuse que celle du lapin adulte.;fotolia_41375883_subscription_xxl-copy.jpg
https://www.academiedugout.fr/ingredients/chapon_596;Chapon;La chapon est le nom donné au poulet mâle castré, et par extension, à d'autres volailles castrées (pintade notamment). La castration a lieu lorsque le chapon est âgé de huit semaines. Elle permet de développer la masse musculaire de la volaille, abattue après cinq mois d'élevage minimum. Un mois avant l'abattage du chapon, son alimentation est enrichie en céréales, afin de développer sa masse graisseuse et rendre sa chair plus savoureuse.;fotolia_30419156_subscription_xxl-copy.jpg
https://www.academiedugout.fr/ingredients/sanglier_1212;Sanglier;Sanglier et porc sont de proches parents. On soupçonne le premier d'être le descendant du porc sauvage mais il y a eu, au cours des siècles, de sérieux mélanges entre les cochons domestiques et les sangliers, les truies se faisant volontiers saillir par des mâles sangliers. L'analyse de leur patrimoine génétique, souvent très proche, l'a prouvé. Si la couleur de leur pelage diffère, leur constitution est la même. Le sanglier est un gibier à poil qui présente une chair maigre au goût prononcé.;sanglier_000.jpg
https://www.academiedugout.fr/ingredients/cabri_543;Cabri;Le cabri est un chevreau, c’est-à-dire le petit de la chèvre. Destiné à la boucherie, il est abattu quand il a entre 15 jours et 4 mois. Souvent comparée à l’agneau, la chair du cabri toutefois plus ferme, son goût plus prononcé et son odeur plus forte. Il faut cependant noter qu’elle est moins grasse que celle de l’agneau, ce qui peut représenter un réel atout pour les personnes suivant un régime ou devant surveiller leur taux de cholestérol. Très répandu en Asie et en Afrique, la viande de cabri est consommée toute l’année mais l’est encore plus au moment de Pâques.;chevreau_000.jpg
https://www.academiedugout.fr/ingredients/andouille_507;Andouille;Spécialité charcutière au goût puissant, l'andouille est constituée de boyaux de porc, sans ajout de gras. Selon les variantes, d'autres parties de l'animal (chair, estomac, langue, tripe, échine...) peuvent également être utilisées. Les recettes régionales sont nombreuses : andouille de Vire, de Jargeau, du Val-d'Ajol, de Couvin, de Révin, d'Aire-sur-la-Lys, de Charlieu, etc. L'une des plus célèbres andouilles est celle de Guéméné, réalisée avec deux chauduns (gros intestins) de porc, coupés en morceaux et enfilés les uns sur les autres en fonction de leur diamètre. Cette technique d'assemblage permet d'obtenir des cercles concentriques caractéristiques lors de la découpe.;fotolia_46052837_subscription_xl-copy.jpg
https://www.academiedugout.fr/ingredients/andouillette_508;Andouillette;L’andouillette est une ancestrale charcuterie française dont il existe un nombre impressionnant de recettes régionales. Il s’agit toujours d’un boyau de porc, d’une longueur de 12 à 15 cm, où sont embossés des lanières de chaudin (gros intestin), de panse, de menu (intestin grêle) et parfois de gorge de porc, et de panse de veau mélangés avec des aromates, des épices et des condiments et qui est cuit ensuite dans un bouillon. Les andouillettes sont ensuite enrobées dechapelureou desaindoux.;fotolia_42644998_subscription_xl-copy.jpg
https://www.academiedugout.fr/ingredients/veau-de-lait_572;Veau de lait;Le veau de lait ou veau sous la mère désigne un jeune bovin de 3 à 5 mois exclusivement nourri au pis d’une vache (sa mère ou une vache allaitante appelée tante laitière). Cet animal est réputé pour sa chair tendre et savoureuse et sa viande rosée au léger goût de noisette. Tête de veau, escalope de veau, poitrine, jarret de veau, collier et abats sont autant de morceaux différents offrant de nombreuses possibilités culinaires.;veau-de-lait-copy.jpg
https://www.academiedugout.fr/ingredients/autruche_550;Autruche;L'autruche est une viande peu ordinaire qui entre timidement mais sûrement dans nos mœurs alimentaires. Elle vient d’élevages (il en existe plusieurs en France) pour lesquels trois races de ce plus grand oiseau du monde ont été sélectionnées. Les autruches sont nourries d’herbes, de luzerne et de céréales et fournissent une viande très fine et tendre, d’un rouge vif, qui ressemble à celle dubœuf.;autruche-copy.jpg
https://www.academiedugout.fr/ingredients/bavette-de-boeuf_592;Bavette de bœuf;Pièce de choix du bœuf, la bavette est un incontournable de la cuisine française. Ce morceau prélevé sur la partie latérale de l'abdomen est très appréciée du fait de son extrême tendreté et de sa jutosité. Mais le terme bavette reste vaste : parle-t-on de la bavette d'aloyau, de flanchet ou de la bavette à pot-au-feu ? Les trois sont différentes et c'est au consommateur de se montrer précis au moment de l'achat. Mais plus généralement, la bavette reste le morceau servant à prélever les biftecks.;bavette-copy.jpg
https://www.academiedugout.fr/ingredients/becasse_542;Bécasse;Gibier à plume de choix, ce fut un met royal prisé, la bécasse est un oiseau de légende. Sa discrétion impressionne : difficile à chasser, on lui prête un savoir-faire médical. La bécasse serait ainsi capable de panser ses propres blessures avec un mélange de salive, de terre et de végétaux qui formerait un plâtre. Quoi qu’il en soit, sa chair tendre et savoureuse se déguste rosée, et s’accommode très bien aux saveurs fruitées.;fotolia_60626083_subscription_xxl-1-copy.jpg
https://www.academiedugout.fr/ingredients/lapin-de-garenne_602;Lapin de garenne;Le lapin de garenne appartient à la famille des gibiers. Il vit en liberté dans les territoires recouverts de buissons bas et d'herbes : la garenne. Sa chair est plus ferme et goûteuse que celle des lapins d'élevage. Le lapin de garenne est abattu à l'âge de 2-3 mois. Il pèse alors entre 1,5 kg et 3 kg et mesure une quarantaine de centimètres. Les lapereaux de garenne, plus petits, ont une chair tendre à la saveur moins marquée.;fotolia_60879307_subscription_xxl-copy.jpg
https://www.academiedugout.fr/ingredients/boudin-blanc_509;Boudin blanc;Préparé à base de viande blanche, le boudin blanc, tel qu’on le connaît aujourd’hui, a vu le jour au XVIIe siècle. Auparavant, il existait la préparation de base de cette charcuterie mais personne n’avait pensé la mettre dans un boyau afin de la rendre plus présentable pour les fêtes de Noël. Une habitude gastronomique qui devint ensuite une véritable tradition française. Le boudin blanc se confectionne avec de la viande blanche (porc, volaille ou veau), du gras, du lait, des œufs, de la crème, du pain de mie (ou de la farine), des épices et des condiments.;fotolia_46030818_subscription_xl-copy.jpg
https://www.academiedugout.fr/ingredients/boudin-noir_510;Boudin noir;Le boudin noir, dont on retrouve les premières traces au Moyen-Age est une charcuterie réalisée à partir de sang de cochon embossée dans des intestins de porc ou de mouton (boudin marseillais). Mais les autres ingrédients qui entrent dans sa composition peuvent changer d’une région à l’autre. Du lait et du riz pour le boudin de Bourgogne, des oignons et du gras de porc pour le boudin de Paris ou encore des feuilles de bettes, de la crème et des œufs pour le boudin angevin aussi appelégogue.;fotolia_53069118_subscription_xxl-copy.jpg
https://www.academiedugout.fr/ingredients/gite_723;Gîte;Le gîte, ou jarret arrière, est la partie du bœuf qui se situe au-dessus de l’articulation des pattes jusqu’au commencement de la cuisse. Ce morceau gélatineux placé en partie sous la gîte à la noix se sépare en trois parties : le bas de gîte, la levée et l’os de gîte. Le gîte comme le paleron sont deux pièces de bœuf entrant dans la composition du bœuf bourguignon ou de la daube de bœuf. Saison Toute l’année;gite-boeuf.jpg
https://www.academiedugout.fr/ingredients/caille_595;Caille;Volaille de choix, la caille est un petit volatile rond. Le terme est générique puisqu’il existe des centaines d’espèces de cailles répertoriées. La caille possède une chair tendre aux saveurs délicates : c’est un mets de choix pour les fêtes. Elle peut cependant être consommée toute l’année, qu’elle soit servie en viande (rôtie, braisée, fourrée) ou en terrine. Ses petits œufs sont également utilisés en cuisine : très fins, ils peuvent faire office de mise en bouche. On peut les déguster durs ou mollets.;fotolia_59648537_subscription_xl-copy.jpg
https://www.academiedugout.fr/ingredients/onglet_585;Onglet;L’onglet est un morceau noble de viande de bœuf qui se situe sur le ventre de l’animal, sous le faux-filet et le filet. Ce morceau étroit possède des fibres longues et un goût prononcé. Classé dans la catégorie des abats, comme lahampe, il est surtout destiné à être grillé. L’onglet peut être de bœuf ou de veau.;fotolia_40644139_subscription_xl-copy.jpg
https://www.academiedugout.fr/ingredients/canard-colvert_551;Canard colvert;Le colvert est le plus répandu des canards sauvages, devant le canard siffleur ou la sarcelle d’hiver. Comme tous les gibiers sauvages, il n’est vendu qu’en période de chasse. Ce qui le différencie du canard d’élevage ? Sa chair, bien plus ferme et plus savoureuse, mais aussi moins grasse. Le canard colvert se reconnaît à son plumage : la couleur de la tête du mâle, d’un vert chatoyant pendant la période prénuptiale, est très distinctive. La femelle a le pelage beige, tacheté de brun.;fotolia_59399384_subscription_xl-copy.jpg
https://www.academiedugout.fr/ingredients/carre-d-agneau_808;Carré d’agneau;Le carré d’agneau désigne l’ensemble des côtes (premières, secondes et découvertes) de l’animal. C’est une pièce savoureuse qui a tendance à se cuire au four.;fotolia_6358672_subscription_xl-copy.jpg
https://www.academiedugout.fr/ingredients/cerf_544;Cerf;Considéré comme le roi des gibiers, le cerf offre une chair maigre, fine et savoureuse. Prisée des gourmets, la viande de cerf est présente sur nos tables depuis le Moyen-Âge.;fotolia_23530933_subscription_xl-copy.jpg
https://www.academiedugout.fr/ingredients/cervelas_511;Cervelas;Cousin de la saucisse de viande, le cervelas est une petite saucisse d'une douzaine de centimètres de long et d'un diamètre d'environ 4 cm pour un poids d'environ 100 g. Il est composé de viande de porc, mélangée parfois à du bœuf, et d'épices. Le cervelas est reconnaissable à sa peau de couleur ocre. Il fait partie intégrante de la gastronomie germanique et est également très consommé en Alsace, dans le Nord de la France ainsi qu'en Belgique.;fotolia_46758693_subscription_xl-copy.jpg
https://www.academiedugout.fr/ingredients/chevreau-de-lait_545;Chevreau de lait;Le chevreau de lait désigne le petit de la chèvre, âgé de 6 à 8 semaines et nourri exclusivement avec le lait de sa mère. La viande de chevreau de lait demeure ainsi très claire. Sa chair est plus fondante que celle chevreau âgé de plus de 3 mois, aussi appelé «cabri». Le chevreau sevré et nourri à l'herbe voit la saveur de sa chair s'affirmer et sa couleur passer du blanc au rose. Le chevreau de lait est essentiellement élevé dans la région Poitou-Charentes.;fotolia_31411507_subscription_xxl-copy.jpg
https://www.academiedugout.fr/ingredients/chipolata_512;Chipolata;Reine des barbecues, la chipolata est une saucisse d'environ 2 cm de diamètre pour une longueur allant de 15 à 20 cm. Cette spécialité charcutière est préparée avec de la chair à saucisse. Elle peut être nature ou bien assaisonnée avec des herbes (thym, sauge, laurier).;fotolia_53568254_subscription_xxl-copy.jpg
https://www.academiedugout.fr/ingredients/cochon-de-lait_556;Cochon de lait;Le cochon de lait désigne le porcelet de 8 à 15 kg non sevré, nourri exclusivement avec le lait de sa mère. Il est abattu à l'âge de 5 semaines. Tout comme les autres autres animaux nourris « sous la mère », la chair du cochon de lait est particulièrement blanche et fine. La production de cochon de lait est minime en comparaison de celle de porc. Sa viande est prisée lors des repas de fête. Servi entier, le cochon de lait fait toujours forte impression à table.;fotolia_18505030_subscription_xxl-copy.jpg
https://www.academiedugout.fr/ingredients/confit-de-canard_597;Confit de canard;Le confit de canard est l'une des spécialités du sud-ouest de la France (Gers, Landes). Il est réalisé avec un canard « gras » (de Barbarie notamment), gavé au maïs à l'âge adulte puis cuisiné et conservé dans sa propre graisse. La graisse du confit de canard est riche en acides gras mono-insaturés, bons pour l'organisme. Sa chair est savoureuse et très tendre.;fotolia_31321644_subscription_xxl-copy.jpg
https://www.academiedugout.fr/ingredients/coquelet_599;Coquelet;Le coquelet est un petit poulet. Il pèse entre 350 g et 650 g. Sa chair est très tendre, peu grasse et présente un plus goût plus léger que celui du poulet.;fotolia_61874162_subscription_xxl-copy.jpg
https://www.academiedugout.fr/ingredients/cote-dagneau_558;Côte d'agneau;Les côtes ou côtelettes d'agneau sont reconnaissables à leur forme typique en noisette, prolongée par un manche osseux. Les côtes d'agneau sont particulièrement riches en zinc et en fer. Leur chair présente une saveur typée, un grain serré et une graisse bien blanche.;fotolia_43491497_subscription_xxl-copy.jpg
https://www.academiedugout.fr/ingredients/cote-de-boeuf_580;Côte de bœuf;Morceau de viande star des barbecues estivaux, la côte de bœuf est tendre, juteuse et très goûteuse. Plus grasse que les autres morceaux du bœuf, elle est riche en protéines et en fer. Sa chair persillée offre une longueur en bouche prisée des gourmets.;fotolia_22979975_subscription_xxl-copy.jpg
https://www.academiedugout.fr/ingredients/couenne_493;Couenne;La couenne désigne la peau du porc rasée. Elle est associée à une fine bande de tissus gras, situé directement sous la peau du cochon. La couenne entoure notamment la poitrine et le jambon de porc. Dans la cuisine chinoise et vietnamienne, la viande de porc est souvent cuisinée avec sa couenne.;fotolia_52846645_subscription_xl-copy.jpg
https://www.academiedugout.fr/ingredients/crepine_494;Crépine;La crépine est un filet de couleur blanchâtre, composé de membranes d'origine bovine, ovine ou porcine. Elle est très utilisée en charcuterie. La crépine est le plus souvent extraite des viscères du porc. Peu grasse, elle assure aux rôtis, crépinettes, paupiettes ou farcis une bonne tenue à la cuisson. Son goût neutre ne dénature pas la saveur des préparations.;fotolia_41721948_subscription_xl-copy.jpg
https://www.academiedugout.fr/ingredients/crete-de-coq_495;Crête de coq;La crête de coq désigne la coiffe dentelée, souvent de couleur rouge-orangée, présente sur la tête des gallinacés. Elle fait partie du patrimoine culinaire français. Autrefois considérée comme un mets très raffiné, la crête de coq est aujourd'hui essentiellement servie en accompagnement, bien qu'il y ait de nombreuses autres façons de l'apprécier.;ok.jpg
https://www.academiedugout.fr/ingredients/cuisses-de-lapin_559;Cuisses de lapin;Les cuisses de lapin, tout comme les autres morceaux du lapin, offrent une chair ferme et moelleuse. Cette viande s’accompagne volontiers d’herbes aromatiques qui relèveront sa saveur, comme le romarin. Bien que le lapin de Garenne soit plus goûteux de début mars à fin avril, on trouve du lapin d'élevage toute l'année.;fotolia_37298532_subscription_xxl-copy.jpg
https://www.academiedugout.fr/ingredients/dinde_600;Dinde;La dinde désigne la femelle du dindon. Cet oiseau de basse-cour, originaire d’Amérique du Nord, se distingue par sa caroncule, une membrane charnue d’un rouge violacé. Plat de fête traditionnel, la dinde se consomme néanmoins toute l’année, son élevage s’étant largement industrialisé. La France en est désormais le deuxième producteur mondial, derrière les Etats-Unis. La dinde est une volaille moins goûteuse et plus sèche que le poulet, mais elle est plus légère.;fotolia_60015531_subscription_xxl-copy.jpg
https://www.academiedugout.fr/ingredients/echine-de-porc_562;Echine de porc;Tout est bon dans le cochon : chez ce mammifère omnivore, bien des parties sont comestibles (pieds, oreilles,museau) mais l’échine est une pièce de choix. Chez le porc, l’échine est la partie supérieure du cou. Elle se situe après le carré, avant la tête et au-dessus de la palette. Ce morceau est apprécié pour sa tendreté et sa saveur : très goûteuse, elle est moins sèche et plus grasse que le filet.;fotolia_52857082_subscription_xxl-copy.jpg
https://www.academiedugout.fr/ingredients/entrecote_593;Entrecôte;L’entrecôte est une pièce de choix des amateurs de bonne chère. Ce morceau issu du milieu de train de côte n’est autre qu’une côte désossée. Tendre, savoureuse et persillée, l’entrecôte qui se caractérise par des fibres courtes, est davantage destinée à être grillée.;entrecote-copy.jpg
https://www.academiedugout.fr/ingredients/escalope-de-veau_567;Escalope de veau;La perspective de réaliser la véritable recette du cordon bleu ou une escalope viennoise bien dorée éveille quelque peu la curiosité. L’escalope de veau est une tranche plus ou moins fine prélevée dans différentes parties du veau, parmi elles, la noix ou le quasi. La réussite réside en peu de choses : une escalope bien choisie et une cuisson parfaitement maîtrisée.;escalope-de-veau-copy.jpg
https://www.academiedugout.fr/ingredients/faux-filet-de-boeuf_938;Faux-filet de bœuf;Le faux-filet de bœuf (ou contre-filet) fait partie, au même titre que le rumsteck, de l’aloyau. Il est situé de part et d’autre de l’échine et longe la colonne vertébrale du bœuf. C’est un morceau sans os, tendre et savoureux, qui se déguste aussi bien rôti, poêlé que grillé. Cette partie du bœuf peut peser jusqu’à 8 kg.;fotolia_57473444_subscription_xxl.jpg
https://www.academiedugout.fr/ingredients/magret-de-canard_603;Magret de canard;Le magret de canard est le nom donné au filet de canard issu d'animaux gavés, élevés pour leur foie gras. Le Sud-Ouest de la France est la principale région productrice. Si l'on ne consomme pas sa peau, le magret de canard est un morceau de viande maigre. Il est bien pourvu en fer ainsi qu'en vitamines B.;fotolia_41504524_subscription_xl-copy.jpg
https://www.academiedugout.fr/ingredients/merguez_526;Merguez;La merguez est unesaucisseépicée traditionnellement réalisée avec de la viande de mouton et de boeuf. Cette spécialité charcutière, originaire du Maghreb, est incontournable dans le couscous royal. Habituellement parfumée au cumin, la merguez peut être plus ou moins pimentée. Elle est l'une des stars des barbecues estivaux.;fotolia_53077650_subscription_xxl-copy.jpg
https://www.academiedugout.fr/ingredients/filet-de-boeuf_943;Filet de bœuf;Le filet, situé au niveau des lombaires, est considéré comme un morceau noble du bœuf. Si ce morceau est particulièrement tendre, il n’est toutefois pas très goûteux en raison de son manque de gras. Il est tout en longueur et cylindrique et pèse généralement entre 3 et 4 kilos.;fotolia_47621465_subscription_xl.jpg
https://www.academiedugout.fr/ingredients/filet-de-chevreuil_547;Filet de chevreuil;Grâce à l'encadrement de sa chasse, lechevreuilest particulièrement bien représenté dans les forêts européennes. Cette viande noble, appréciée des fins palais, est présente sur nos tables essentiellement en hiver, durant la période des fêtes. Et le filet est un morceau de choix. Côté nutrition, ce gibier a l'avantage d'être à la fois une viande maigre et très bien pourvue en fer et en protéines.;ok.jpg
https://www.academiedugout.fr/ingredients/foie-de-lapin_501;Foie de lapin;Le foie de lapin est un mets raffiné apprécié des connaisseurs. Cet abat dit « rouge » fait partie de ses morceaux nobles que les amateurs de bonne chère incluent volontiers dans leurs menus. Aussi tendre et savoureux que la chair de lapin, le foie dont le goût est subtil et fin s’apprête de multiples façons.;foie-lapin-cru-copy.jpg
https://www.academiedugout.fr/ingredients/foie-de-poularde_502;Foie de poularde;La poularde est une jeune poule, n’ayant pas encore pondu, que l’on prépare lors des fêtes de fin d’année, sa chair étant fine et savoureuse. On consomme également les abats de cette volaille, parmi eux, le foie. Un abat moins commun que le foie de poulet mais tout aussi goûteux. C’est un ingrédient très peu gras et aussi riche en protéines qu’un morceau de bœuf qui se cuisine avec facilité et rapidité.;foie-poularde-copy.jpg
https://www.academiedugout.fr/ingredients/foie-de-volaille_503;Foie de volaille;Le foie de volaille renvoie le plus souvent au foie de poulet. Cet abat dit « rouge » par opposition aux abats blancs (tripes, pieds, etc.) est un aliment peu onéreux qui s’intégre parfaitement dans le cadre d’une alimentation saine et équilibrée. Peu calorique et riche en nutriments, le foie de volaille peut et doit figurer au moins une fois dans les menus. Facile et rapide à cuisiner, le foie de volaille se cuisine en plus de multiples façons.;foie-volaille-copy.jpg
https://www.academiedugout.fr/ingredients/gesier_497;Gésier;Chez le canard, le poulet et autres volailles et oiseaux, le gésier est une partie muscularisée de l’estomac. Elle assure le broyage des aliments consommés par le canard. C’est, au même titre que le cœur ou lefoie, un abat commun. Il nécessite néanmoins une préparation avant de le consommer : il est vidé des restes alimentaires de l’animal. Mieux vaut consommer des gésiers de canards fermiers, les gésiers de gibiers pouvant être riches en plombs. Les gésiers sont typiques de la cuisine du Sud-Ouest.;shutterstock_187092554.jpg
https://www.academiedugout.fr/ingredients/gesiers-de-canard_498;Gésiers de canard;Chez le canard, mais aussi le poulet et autres volailles et oiseaux, le gésier est une partie muscularisée de l’estomac. Elle assure le broyage des aliments consommés par le canard. C’est, au même titre que le cœur ou lefoie, un abat commun. Il nécessite néanmoins une préparation avant de le consommer : il est vidé des restes alimentaires de l’animal. Mieux vaut consommer des gésiers de canards fermiers, les gésiers de gibiers pouvant être riches en plombs. Les gésiers sont typiques de la cuisine du sud-ouest.;shutterstock_152868908.jpg
https://www.academiedugout.fr/ingredients/gigolette-de-lapin_560;Gigolette de lapin;Qu’il soit d’élevage ou gibier, le lapin supporte quasiment tous les types de cuisson et offre une viande maigre qui s’accommode de bien d'accompagnements. Chez le lapin, la gigolette est composée de l'épaule et des côtes entièrement désossées (un petit gigot, donc). La gigolette est un morceau de choix qui offre une viande tendre et savoureuse, facile à cuisiner. Il arrive que l’on parle aussi de gigolette chez le canard ou le poulet.;fotolia_58470922_subscription_xxl.jpg
https://www.academiedugout.fr/ingredients/gigot-dagneau_561;Gigot d’agneau;Autrefois, on l’appelait « jambe de derrière ». Morceau de choix de l’agneau jeune (mais également du mouton, également commercialisé sous le nom d’agneau de boucherie), le gigot correspond au haut de la cuisse. Presque toujours servi avec l’os, cette découpe est tendre, si bien qu’elle peut se consommer en rôti une fois ficelée et roulée. Selon la taille et l’âge de l’animal, le poids de ce morceau varie entre 1,2 et 4 kilos.;gigot-dagneau-copy.jpg
https://www.academiedugout.fr/ingredients/grive_548;Grive;La grive désigne plusieurs espèces des petits oiseaux migrateurs européens. Une dizaine d’espèces sont chassées et consommées, mais toutes, comme bien des gibiers, sont interdites à la vente : vous n’en trouverez ni en restaurant, ni sur les étals d’un volailler. Pour goûter aux délices de la chair de la grive de gui ou de vigne, il faudra donc se la procurer en chassant par ses propres moyens…ou en ayant un ami chasseur.;fotolia_35344613_subscription_xl-copy.jpg
https://www.academiedugout.fr/ingredients/hampe_581;Hampe;Considérée comme un abat, la hampe est un morceau du bœuf, du veau ou du cheval correspondant au diaphragme de la bête et à son attache aux côtes. La hampe se caractérise, comme labavetteou l’onglet, par des fibres longues. Véritable pièce noble, elle est rare et fait partie des « morceaux du boucher », car unique sur l’animal et nécessitant une préparation méticuleuse.;hampe-boeuf-copy.jpg
https://www.academiedugout.fr/ingredients/haut-de-cote-de-chevreau_552;Haut de côte de chevreau;Le chevreau est une viande peu commune, par conséquent encore très peu consommée. Appelé «cabri», notamment dans les départements d’outre-Mer où sa consommation est populaire et répandue, la viande caprine n’est toutefois pas un aliment inconnue dans certaines régions comme la Corse ou les Midi-Pyrénées. Considérée comme une viande maigre, le chevreau présente une chair tendre au goût prononcé mais raffiné.;cote-chevreau-copy.jpg
https://www.academiedugout.fr/ingredients/jambon-blanc_516;Jambon blanc;On appelle «  jambon blanc » la cuisse entière du porc cuite avec ou sans os, au bouillon ou encore au torchon. Il peut être vendu entier (souvent désossé) ou bien en tranches, avec ou sans couenne.;fotolia_50694049_subscription_xxl-copy.jpg
https://www.academiedugout.fr/ingredients/jambon-cru_517;Jambon cru;On qualifie de « jambon cru » la cuisse entière du porc qui n'a pas été soumise à une cuisson. Le jambon cru prêt à être dégusté est préalablement séché. Il peut également être fumé (jambon de la Foret-Noire par exemple). Le jambon cru s'achète entier ou bien pré-tranché.;fotolia_46453356_subscription_xxl-copy.jpg
https://www.academiedugout.fr/ingredients/jambon-cuit_518;Jambon cuit;"Le jambon cuit qualifie la cuisse entière du porc soumise à une cuisson (au bouillon, à l'étouffée, au torchon), puis refroidie, avant d'être coupée ou non en tranches. Il ne diffère pas du jambon blanc, également dit ""jambon de Paris"". Au XIXe siècle, le cuisinier Jules Gouffé le définit comme un « jambon ordinaire salé, cuit à l'eau, désossé, mis en terrine ""couenne en dessous"" et refroidi ».";fotolia_50694057_subscription_xxl-copy.jpg
https://www.academiedugout.fr/ingredients/jambon-de-cerda_519;Jambon de cerda;Le jambon de cerda est un jambon cru espagnol prélevé sur la femelle du porc (cerdoen espagnol). Il peut être aussi bien issu de porcs de la race ibérique que de la race de porcs blancs qui donnent les jambonsSerrano. Le jambon cru issu de la truie est-elle plus goûteuse que le jambon cru issu du porc ? Deux écoles s'opposent. Les uns affirment qu'il n'y a aucune différence gustative et les autres avancent que le jambon de cerda est plus goûteux car plus gras et plus juteux. Mais cette spécificité indiquée sur l'étiquette ressort davantage du marketing qu'autre chose.;fotolia_58426558_subscription_xxl-copy.jpg
https://www.academiedugout.fr/ingredients/jambon-de-parme_520;Jambon de Parme;Le jambon de Parme est un jambon cru exclusivement produit en Italie. Il bénéficie d'une AOC (devenue AOP) depuis 1996. Il est issu de porcs nourris aux céréales et au petit-lait de parmesan, élevés dans 11 régions italiennes spécifiées par le cahier des charges AOP. Salés au sel de mer, les jambons de Parme sont mis à maturer pendant 12 mois minimum dans la région de Parme. Certains peuvent bonifier jusqu'à 36 mois. Moins salé que les autres jambons crus, le jambon de Parme est doux et fruité.;fotolia_25309616_subscription_xxl-copy.jpg
https://www.academiedugout.fr/ingredients/jambonneau_522;Jambonneau;Le jambonneau désigne le morceau de viande situé juste au-dessus du genou du porc, et en-dessous de la cuisse (jambon). Il est prélevé sur les membres arrières du porc. Par extension, le terme « jambonneau » peut être utilisé pour la volaille et le canard. Il s'agit d'un morceau très savoureux et particulièrement tendre.;fotolia_51036958_subscription_xxl-copy.jpg
https://www.academiedugout.fr/ingredients/joue-de-boeuf_582;Joue de bœuf;Bien qu'il s'agisse d'un muscle, la joue de bœuf est considérée comme faisant partie des abats. Elle est issue de la mâchoire inférieure du bœuf. Peu grasse, la chair de la joue de bœuf devient particulièrement moelleuse après cuisson.;fotolia_38937996_subscription_xxl-copy.jpg
https://www.academiedugout.fr/ingredients/kakos_583;Kakos;Le kakos est le nom donné au jarret de porc saumuré et généralement tranché en deux. Il peut être « salé » ou « demi-sel ». Ce morceau du porc est bon marché et savoureux. Dégusté sans son enveloppe grasse, le kakos est une viande particulièrement maigre. Il constitue une bonne source de sélénium, potassium et magnésium.;fotolia_51036966_subscription_xxl-copy.jpg
https://www.academiedugout.fr/ingredients/kangourou_584;Kangourou;Le kangourou est une viande rouge consommée depuis des siècles par les peuples aborigènes d'Australie. Sa commercialisation n'est cependant autorisée que depuis 1980. La viande de kangourou est essentiellement issue d'élevages australiens. Elle très tendre, peu calorique et particulièrement maigre (moins d'1% de matière grasse). Son goût se rapproche de celui de la biche. Riche en protéines et en fer, elle constitue une alternative à la viande de bœuf.;fotolia_10233357_subscription_l-copy.jpg
https://www.academiedugout.fr/ingredients/langue_499;Langue;La langue appartient à la famille des abats. Il s'agit d'un produit tripier typique de la gastronomie française. A la fois ferme et tendre, elle peut être issue du bœuf, du porc ou duveau.;fotolia_46722184_subscription_xxl-copy.jpg
https://www.academiedugout.fr/ingredients/langue-de-veau_500;Langue de veau;La langue de veau est un morceau de viande faisant partie de la famille des abats blancs car ils nécessitent une préparation (nettoyage, ébouillantage) avant d'être consommés. Son goût est plus subtil que celle de bœuf et plus savoureux que celle du porc. C'est un morceau très apprécié des amateurs de produits tripiers.;fotolia_37930662_subscription_xl-copy.jpg
https://www.academiedugout.fr/ingredients/mortadelle_527;Mortadelle;Spécialité charcutière italienne, la mortadelle est un produit phare de la gastronomie de Bologne. Fabriquée habituellement avec du porc, on en retrouve cependant à base de porc et de bœuf, uniquement de bœuf, de porc et de veau ou même de cheval. Ce gros saucisson (son diamètre peut atteindre 30 centimètres et certaines pièces peuvent peser jusqu’à 200 kilos) se sert en tranches extrêmement fines, généralement préparées par le charcutier ou le boucher. A l’origine, elle était parfumée aumyrte. Aujourd’hui, on la retrouve parfois piquée de pistaches et/ou d’olives.;fotolia_59709070_subscription_xxl-copy.jpg
https://www.academiedugout.fr/ingredients/mouton_594;Mouton;Le mouton est une viande dont la consommation en France demeure quelque peu marginale, excepté dans les régions comme la Provence avec la fameuse carbonnade de mouton. On lui préfèrera l’agneau au goût moins caractéristique et moins prononcé. Pourtant la filière ovine en France est très importante mais l’élevage est essentiellement consacré à la production de viande d’agneau, de lait ou de laine. Cette viande de caractère séduit déjà les fins gourmets et tend à se démocratiser.;mouton-copy.jpg
https://www.academiedugout.fr/ingredients/museau_531;Museau;Le museau représente le nez de certains animaux. En gastronomie, cette partie de l’animal est comestible, notamment ceux du bœuf et du porc (groin). Ces extrémités comestibles sont classées dans la catégorie des abats rouges, par opposition aux abats blancs qui regroupent tripes, pieds, amourettes, etc. Mais le terme « museau » renvoie également aux charcuteries réalisées à partir du museau et de la langue du porc et du bœuf, le tout cuit dans un bouillon.;museau-vinaigrette-copy.jpg
https://www.academiedugout.fr/ingredients/oie_604;Oie;L’oie est un oiseau de la même famille que le canard (les anatidés). Cette volaille est prisée pour sa chair délicate et juteuse et remplace à merveille, à condition d’être suffisamment nombreux, la traditionnelle dinde au moment des fêtes de fin d’année. Sous sa forme entière, elle est surtout consommée dans le nord de l’Europe (Allemagne, Scandinavie).;fotolia_33263045_subscription_l-copy.jpg
https://www.academiedugout.fr/ingredients/os-a-moelle_504;Os à moelle;Comme son nom l’indique, l’os à moelle est un morceau d’os contenant la moelle osseuse d’un animal, en l’occurrence le bœuf et le veau. L’os à moelle principalement prélevé sur le jarret de bœuf ou de veau est un mets particulièrement apprécié des fins gourmets. Rôti, grillé, en pot-au-feu ou en tartines assaisonné de fleur de sel, l’os à moelle séduit petits et grands et tend à conquérir de nouveaux adeptes.;os-a-moelle-copy.jpg
https://www.academiedugout.fr/ingredients/jarret-de-veau_570;Jarret de veau;Le jarret de veau est l’ingrédient phare d’un célèbre ragoût italien,l’osso buco. Ce morceau tendre mais légèrement gras peut être prélevé entre le cuisseau et la crosse (jarret postérieur) ou entre l’épaule et la crosse (jarret antérieur). C’est une pièce de viande assez fibreuse et gélatineuse davantage destinée à être braisée ou mijotée. Et son os riche en moelle peut être utilisé comme base pour de nombreux bouillons ou fonds de sauce.;jarret-de-veau-copy.jpg
https://www.academiedugout.fr/ingredients/palette-de-porc_564;Palette de porc;Dans le porc, la palette est un morceau de choix situé sur la partie supérieure de l’épaule, contre l’omoplate, que l’on retrouve dans le commerce avec ou sans os. C’est une pièce savoureuse qui peut se révéler bien moelleuse et tendre si elle a été cuite assez longtemps. Traditionnellement, on la cuisine mijotée avec des petits légumes. La bonne astuce ? Cuire la palette dans un verre de cidre par kilo avec un bouquet garni, pour parfumer subtilement la chair du porc.;fotolia_59296127_subscription_xxl.jpg
https://www.academiedugout.fr/ingredients/palombe_1211;Palombe;La palombe, ou pigeon ramier, est le plus gros et le plus grand de tous lespigeons. D'un poids allant de 400 à 500 g, son envergure évolue entre 70 et 75 cm et sa longueur entre 40 et 50 cm. Cet oiseau sauvage et migrateur a un plumage bleu clair et rose pâle, presque blanc sous son poitrail. Sa queue est longue, avec des bandes noires. Un collier blanc bordé de vert sombre orne son cou.Le pigeon ramier vit partout en Europe, en dessous d'une altitude de 2000 mètres. On distingue deux populations : l'une sédentaire et nicheuse qui a maintenant colonisé nombre de villes, l'autre originaire du Nord et de l'Est de l'Europe et qui est migratrice. C'est celle-ci qui se nomme palombe en France, colombaccio en Italie, wood pigeon au Royaume Uni, et paloma torcaz en Espagne.Mais on trouve aussi des palombes en Iran et au sud de la Turquie (plus grandes) et dans les montagnes de l'ouest de l'Afghanistan et du sud-est de l'Iran. Et aussi dans les Açores et l'Île de Madère où ce pigeon ramier est devenu sédentaire. On observe une diminution des populations de palombes, non seulement à cause d'une chasse parfois trop importante, mais aussi à cause de leur empoisonnement soit volontaire de la part des agriculteurs (boulettes de céréales enrobées de produits toxiques), soit occasionnel avec les campagnes de destructions des rongeurs.;pigeon_008.jpg
https://www.academiedugout.fr/ingredients/perdrix_553;Perdrix;La perdrix est un petit oiseau à mi-chemin entre unecailleet un petit faisan classé dans la catégorie du gibier et chassé au cours de l’automne et de l’hiver. Même si ce gibier à plumes connaît depuis quelques années des périodes moroses de reproduction, sa chasse reste maintenue et ce, à des périodes bien précises. Mais la perdrix est sans conteste une viande de gibier appréciée des fins gourmets : sa chair fine et savoureuse est un régal. Elle est en plus peu calorique, très pauvre en graisse et surtout riche en nutriments.;perdrix-copy.jpg
https://www.academiedugout.fr/ingredients/pigeon_1035;Pigeon;Le pigeon est un oiseau au plumage gris bleuté, son bec est grêle, ses ailes courtes et larges. Il vit sur tous les continents et il en existe différentes espèces, le pigeon biset ou pigeon de roche étant l'ancêtre de toutes. Il est prolifique et d'une fidélité exemplaire car il s'accouple, plusieurs fois par an, toute sa vie avec la même compagne. Il est aussi docile. Ces deux qualités ont fait que le pigeon est domestiqué depuis des millénaires. Si le pigeon ramier ou palombe est un gibier, le pigeon d'élevage est considéré comme une volaille.La colombiliculture (élevage et sélection de races de pigeons) commença de se développer au 19e siècle et l'élevage s'améliora alors. Carême, Ninon, Escoffier le cuisinaient volontiers. L'élevage semi-industriel des pigeons de chair démarra aux États-Unis dans les années 30. Il s'est développé en France à partir des années 50 en restant relativement artisanal.Aujourd'hui, l'Asie (et surtout la Chine) est le premier producteur de pigeons avec des élevages de 400 000 couples dans des cages. L'Europe arrive ensuite et sur ce continent, la France est le premier producteur avec 700 000 à 800 000 couples de pigeons répartis entre 500 et 600 éleveurs.;pigeon_008.jpg
https://www.academiedugout.fr/ingredients/pigeonneau_554;Pigeonneau;Le pigeonneau est un mets de choix que bien des chefs étoilés aiment à proposer à la carte de son restaurant. Ingrédient phare des festins de rois au Moyen-Age avant de tomber en désuétude les siècles suivants, le pigeonneau fait un retour en grâce au XIXème siècle dans les assiettes et ne cesse depuis d’être une viande appréciée des fins gourmets. Sa chair tendre ainsi que son goût fin et subtil font de cet oiseau un produit d’exception à déguster en toutes occasions.;pigeonneau-copy.jpg
https://www.academiedugout.fr/ingredients/pintade_1026;Pintade;Son plumage est gris très foncé ponctué d'une multitude de petites taches blanches. La pintade a une crête cornée et, sur son cou, une peau nue, sans plumes qui lui donne un air un peu malheureux. Dessous, pendent deux barbillons rouges. Sa chair n'est pas blanche comme celle des autres volailles mais brune comme celle du gibier et sa saveur est aussi assez soutenue. La pintade domestiquée a gardé son caractère sauvage. Du coup, elle ne peut être élevée intensément comme les poulets. Différentes variétés de pintades existent, mais c'est la pintade grise ou pintade commune qui a été domestiquée et qui est élevée.;pintade_000.jpg
https://www.academiedugout.fr/ingredients/plat-de-cotes_813;Plat de côtes;Dans le nord de la France, on vous proposera la « raccourçure » (mais pas à Cambrai, où ce sera la « raccource »), tandis qu’à Bordeaux, les bouchers l’appellent l’ « aiguillette ferrée ». Même l’académie française admet que l’on puisse dire « plat de côtes » ou « plate-côte ». Quoiqu’il en soit, ce morceau fibreux du bœuf est formé de 13 côtes. On distingue habituellement les côtes découvertes (les cinq premières) des suivantes, dites couvertes, car recouvertes de graisse et de muscle. Le plat-de-côtes est une pièce généralement bouillie, une préparation qui se prête bien à sa texture grasse, gélatineuse et filandreuse.;fotolia_25607076_subscription_xl-copy.jpg
https://www.academiedugout.fr/ingredients/poitrine-de-pigeonneau_778;Poitrine de pigeonneau;Le pigeonneau est un petit oiseau à la chair sombre et très maigre. Sauvage (gibier) ou issu d'élevage (volaille), il peut être vendu entier ou en découpes. La poitrine de pigeonneau, goûteuse et très tendre, est une viande d'exception. Elle se déguste aussi bien rôtie que farcie.;fotolia_49285249_subscription_xxl-copy.jpg
https://www.academiedugout.fr/ingredients/poitrine-de-poule-faisane_779;Poitrine de poule faisane;La poule faisane ou « faisane » est la femelle du faisan. Il s'agit d'un gibier à plumes, sauvage ou bien issu d'élevage. Le plumage de la faisane est beige, et régulièrement tâché de brun. La robe de la poule faisane lui permet ainsi de se camoufler plus aisément que le mâle, dont le plumage présente des couleurs vives. La chair de la faisane est sombre et riche en protéines. La poitrine de poule faisane est particulièrement tendre et fine.;supreme-poule-faisane.jpg
https://www.academiedugout.fr/ingredients/poitrine-de-volaille_780;Poitrine de volaille;La poitrine de volaille est une viande blanche (selon le type de volaille) et maigre située sur le buste de l'animal. Ce morceau, aussi appelé filet ou blanc de poulet, prend le nom de suprême une fois coupé en deux. On peut donc apprêter les poitrines de poulet, de dinde, de canard ou de poule faisane.;fotolia_47189596_subscription_xl-copy.jpg
https://www.academiedugout.fr/ingredients/pot-au-feu_799;Pot-au-feu;Le pot-au-feu est le nom donné à la potée à base de morceaux de bœuf (minimum trois et jusqu'à quatre) et de légumes racine (carotte, poireau, navet). La longue cuisson de ce plat d'hiver permet s'attendrir la viande de pot-au-feu, moins noble que les morceaux de bœuf à griller tel le rumsteak, par exemple.;fotolia_5576839_subscription_xl-copy.jpg
https://www.academiedugout.fr/ingredients/poularde_800;Poularde;On appelle « poularde » une poule n'ayant jamais pondu. Il s'agit d'une volaille âgée d'au moins quatre mois, engraissée un mois avant son abattage. Particulièrement tendre et savoureuse, la poularde est l'une des volailles phare des fêtes de fin d'année.;fotolia_7090699_subscription_xl-copy.jpg
https://www.academiedugout.fr/ingredients/poulardes-de-bresse_801;Poularde de Bresse;Les poulardes de Bresse sont élevées en plein air, sur le territoire de la Bresse, délimité par la Saône, le Doubs, les premiers contreforts du Jura et les étangs de la Dombes. Il s'agit de poules n'ayant jamais pondu, elles sont d'ailleurs enfermés 21 jours dans l'obscurité pour éviter qu'elles n'atteignent leur maturité sexuelle. Les poulardes de Bresse bénéficient d'une appellation d'origine protégée (AOP). Elles sont alimentées avec du blé, du maïs et des produits laitiers pendant les 8 à 9 mois que dure leur élevage. Dix jours avant leur abattage, les poulardes de Bresse sont engraissées dans des cages en bois appelées « épinettes ». Leur chair fondante, très savoureuse, est très prisée des gourmets au moment des fêtes.;fotolia_39704694_subscription_xxl-copy.jpg
https://www.academiedugout.fr/ingredients/poules-faisanes_803;Poule faisane;La poule faisane est la femelle du faisan. Il s'agit d'un gibier reconnaissable à son plumage beige, marbré de brun. La chair de la poule faisane est plus sombre et plus goûteuse que celle des volailles d'élevage. C'est une viande particulièrement riche en protéines.;fotolia_55970878_subscription_xxl.jpg
https://www.academiedugout.fr/ingredients/queue-de-boeuf_505;Queue de bœuf;Considérée comme un produit tripier, la queue de bœuf est un morceau gélatineux qui ne manque pourtant pas de saveur. Cet ingrédient est un des indispensables du pot-au-feu. Si la queue de bœuf semble à première vue peu commode à cuisiner, elle ne demande en réalité que peu de préparation. Seule une cuisson lente est requise. Braisée, mijotée, confite ou en gelée, la queue de bœuf est un aliment bien plus sexy qu’il n’y paraît.;queue-de-boeuf-copy.jpg
https://www.academiedugout.fr/ingredients/rable-de-lapin_605;Râble de lapin;Le râble de lapin est un morceau noble qui s’inscrit pleinement dans la gastronomie française. Partie charnue qui s’étend du bas des côtes à la queue (correspond au dos), le râble de lapin est une pièce de choix tendre et moelleuse que l’on cuisine de multiples façons. Souvent farci, le râble de lapin est aussi un morceau que l’on peut trancher, émincer et cuire aussi bien à la cocotte qu’à la poêle.;rable-lapin-copy.jpg
https://www.academiedugout.fr/ingredients/rable-de-lievre_555;Râble de lièvre;Le lièvre est une viande de gibier particulièrement appréciée. Sa savoureuse chair brune est jugée plus goûteuse que celle du lapin. Et le râble, partie prélevé du bas des côtes à la queue, est un morceau de choix que les amateurs de bonne chère convoitent. Cette viande rare et relativement chère est peu grasse et riche en oligo-éléments.;rable-lievre-copy.jpg
https://www.academiedugout.fr/ingredients/ris-de-veau_701;Ris de veau;Le ris de veau est le nom donné à une glande du veau, le thymus, qui se situe devant la trachée du veau. C’est un produit tripier très prisé des connaisseurs, à la texture moelleuse et au parfum subtil. Le ris de veau un organe qui disparaît une fois que l'âge adulte atteint, ce qui fait de cet abat un produit rare et onéreux.;fotolia_52643561_s-copy.jpg
https://www.academiedugout.fr/ingredients/rognons_710;Rognons;"Les rognons désignent les reins des animaux de boucherie utilisés en cuisine. Ils se classent dans la catégorie des abats rouges tout comme le foie (par opposition aux abats blancs qui renvoient auxtripesou aux cervelles). Ils peuvent être de veau, de bœuf, de porc ou encore de mouton. Ces produits tripiers riches en fer autrefois considérés comme des plats ""canaille"" figurent désormais en bonne place sur la carte de restaurants gastronomiques.";fotolia_62813234_s-copy.jpg
https://www.academiedugout.fr/ingredients/rosbeef_713;Rosbeef;Le rosbeef, ou rosbif, est un morceau de bœuf que l’on fait rôtir afin d’obtenir une viande cuite à l’extérieur et encore saignante à l’intérieur. Le rosbeef n’est pas un morceau précis du bœuf mais peut être réalisé à partir du filet, du contre-filet ou de tout autre morceau, préalablement ficelé en forme de cylindre. Le rosbeef se sert découpé en tranches et peut se déguster chaud ou froid.;fotolia_47621465_s-copy.jpg
https://www.academiedugout.fr/ingredients/rosette-ou-fuseau_715;Rosette (ou fuseau);Charcuterie d’origine lyonnaise, la rosette est un grossaucissonlong fabriqué à partir de morceaux nobles de porc. Elle tient son nom du boyau de porc utilisé pour sa confection et dont l'extrémité est de couleur rosée.;fotolia_23112323_s-copy.jpg
https://www.academiedugout.fr/ingredients/rumsteck-boeuf_587;Rumsteck (bœuf);Morceau noble du bœuf, le rumsteck a l’avantage de garder sa tendreté à la cuisson. Il est issu de l’arrière de la bête, du côté de la cuisse (de la queue aux filet et contre-filet). On le retrouve parfois sous d’autres appellations : couard ou culotte à Saint Etienne, milieu de couard et milieu de rumsteck à Lyon, roastbeef ou aloyau à Cambrai, couchant à Bordeaux ou encore tranche large à Toulouse. Quel que soit son nom, on le cuisine souvent de la même manière, à savoir grillé ou rôti.;fotolia_62081480_subscription_xxl-copy.jpg
https://www.academiedugout.fr/ingredients/saindoux_533;Saindoux;Le saindoux est de la graisse de porc fondue issue de la panne (graisse épaisse du dos) ou du lard gras. Amplement utilisée les siècles derniers en France et dans les pays limitrophes car moins cher que le beurre et l’huile, cette matière grasse animale blanche et soyeuse au goût assez neutre est aujourd’hui tombée en désuétude. Pourtant, le saindoux apporte une texture et un goût incomparables aux pâtisseries, aux charcuteries, aux frites et aux recettes « terroir » comme la choucroute.;saindoux-morceaux-copy.jpg
https://www.academiedugout.fr/ingredients/salami_534;Salami;Le salami (pluriel desalame, saucisson en italien) est une charcuterie italienne fabriquée à partir de porc haché ou d’un mélange de viandes. En Italie, ce terme, qui désigne en réalité tous les saucissons secs, est une charcuterie traditionnelle fabriquée aujourd’hui de manière industrielle aux quatre coins du monde où le type de viande, la saveur et la couleur diffèrent selon les pays. La République dominicaine compte plus d’une dizaine de variétés dont certaines contiennent de l’orange amère.;salami-copy.jpg
https://www.academiedugout.fr/ingredients/saucisse-de-francfort_536;Saucisse de Francfort;Originaire d’Allemagne, la saucisse de Francfort est une saucisse précuite et fumée au bois de hêtre réalisée à partir de viande de porc (gras et maigre de porc). On la reconnaît grâce à son enveloppe couleur jaune-ocre qui la différencie de la saucisse de Strasbourg, elle rouge. Hachée finement, la viande donne une pâte fine de consistance assez molle qui nécessite d’être cuite rapidement avant sa consommation.;saucisse-francfort-copy.jpg
https://www.academiedugout.fr/ingredients/saucisse-de-montbeliard_537;Saucisse de Montbéliard;La saucisse de Montbéliard bénéficie depuis 2013 d’une indication géographique protégée, signe de reconnaissance pour cette saucisse faite à partir de gras et de maigre de porcs engraissés au petit lait de vache Montbéliarde. Fumée au bois de résineux et parfumé au cumin, cette saucisse exclusivement produite dans le Doubs, le Jura, la Haute-Saône et le territoire de Belfort est indissociable des potées et des choucroutes. Elle est plus petite et moins grasse que la saucisse de Morteau.;saucisse-monteliard-copy.jpg
https://www.academiedugout.fr/ingredients/saucisse-de-morteau_538;Saucisse de Morteau;Après lasaucisse de Montbéliard, la saucisse de Morteau est l’autre spécialité charcutière de la Franche-Comté. Bénéficiant d’une indication géographique protégée depuis 2010, cette saucisse composée à plus de 80% de maigre et de gras de porc est fumée à la sciure de bois de résineux et de genévrier et aromatisée à l’ail, à l’échalote, aucuminet au vin blanc. On la reconnaît à sa couleur ambrée, sa forme cylindrique, et surtout à la cheville en bois qui vient fermer le boyau de l’une des extrémités. Saison Toute l’année;saucisse-morteau-copy.jpg
https://www.academiedugout.fr/ingredients/saucisse-de-strasbourg_539;Saucisse de Strasbourg;Originaire de cette ville alsacienne, la saucisse de Strasbourg est faite à l’origine à partir de viande de bœuf et de gras de veau ou de porc. C’est une charcuterie cuite et fumée surnommée « knack » en Alsace, du fait du bruit qu’elle émet sous la dent lorsqu’on la croque (son par ailleurs signe de qualité). Cette saucisse indissociable de la choucroute est plus ferme que lasaucisse de Francfort.;saucisse-strasbourg-copy.jpg
https://www.academiedugout.fr/ingredients/saucisse-de-toulouse_540;Saucisse de Toulouse;Charcuterie emblématique du Sud-Ouest de la France qui entre dans la composition du célèbrecassoulet, la saucisse de Toulouse est fabriquée à partir de viande fraîche de porc. Les parties nobles telles que l’épaule et le jambon (75%) et la poitrine (25%) sont utilisées pour la confection de cette saucisse simplement assaisonnée de sel et de poivre. La véritable saucisse fraîche de Toulouse, ne contient ni eau, ni colorant, ni conservateur.;saucisse-toulouse-copy.jpg
https://www.academiedugout.fr/ingredients/saucisson_541;Saucisson;Le saucisson est une charcuterie fabriquée à partir d’une mêlée (hachage de gras et de maigre de porc ou de plusieurs viandes) que l’on assaisonne de divers épices, de fruits secs, d’ail ou de fromage avant de remplir les boyaux naturels de ce mélange (embossage). Il est ensuite étuvé et mis à sécher plusieurs semaines avant d’être dégusté. Chaque région à ses méthodes de fabrication et ses spécificités, d’où la grande diversité de saucissons que l’on retrouve sur le territoire français.;saucisson-copy.jpg
https://www.academiedugout.fr/ingredients/selle-dagneau_565;Selle d’agneau;Chez l’agneau et lemouton, la selle désigne la partie haute de la cuisse. Petit précis de langage : en boucherie, c’est le quartier postérieur allant des côtes au gigot. La selle complète est l’ensemble des deux carrés d'agneau, de part et d’autre de la colonne vertébrale de l'animal. On désosse donc la selle en retirant la colonne vertébrale. On y met parfois de la farce à la place. La selle anglaise désigne, elle, l’ensemble de la région lombaire.;fotolia_22178038_subscription_xl-copy.jpg
https://www.academiedugout.fr/ingredients/cheval_577;Cheval;La viande de cheval fait partie de la famille des viandes rouges. Riche en protéines et en fer, la viande chevaline ne contient que peu de matière grasse (essentiellement des acides gras insaturés), ce qui en fait un aliment intéressant d'un point de vue nutritionnel. De tout temps, sa consommation a été controversée, du fait de considérations morale, éthique ou bien religieuse. C'est pourtant une viande saine et savoureuse. Autre argument : la consommation de viande permet de conserver certaines races de chevaux de trait.;fotolia_49968109_subscription_xl-copy.jpg
https://www.academiedugout.fr/ingredients/steak-boeuf_588;Steak (bœuf);Le steak de bœuf (ou bifteck, de l’anglaisbeef steak) est une pièce de viande tranchée dans un morceau tendre de l’animal : le rumsteck, l’entrecôte, le filet ou le faux-filet, le merlan, l’onglet. Le steak est destiné à être grillé : au barbecue, à la poêle, à laplanchaou en pierrade par exemple. Selon les goûts, le steak se consomme bleu, saignant, à point ou cuit.;fotolia_51767663_subscription_xxl-copy.jpg
https://www.academiedugout.fr/ingredients/steak-hache_589;Steak haché;Attention à ne pas confondre viande hachée et steak haché : si la première est issue de divers morceaux du bœuf (plus ou moins nobles), le second est fait avec de la viande issue du rumsteck ou du filet. A condition d’être acheté avec précaution, le steak haché n’a rien à envier à une tranche de viande classique comme le bifteck. Les valeurs nutritionnelles seront les mêmes, le goût sera aussi fin, seule la texture sera différente.;fotolia_52893953_subscription_xxl-copy.jpg
https://www.academiedugout.fr/ingredients/supreme-de-poule-faisane_606;Suprême de poule faisane;Femelle du faisan, la faisane ou poule faisane se distingue par une chair plus fine et plus tendre. Ce petit gibier à plume issu de l’espèce la plus répandue d’Europe (faisan de Colchide) est un mets apprécié des fins gourmets. La poitrine depoule faisaneest d'ailleurs un morceau de choix à partir duquel on prélève de beaux suprêmes.;supreme-poule-faisane.jpg
https://www.academiedugout.fr/ingredients/tende-de-tranche_590;Tende de tranche;La tende de tranche est un morceau issue de la partie interne de la cuisse du bœuf. Il regroupe six muscles : la tranche, le dessous de tranche, la poire (ou boule de tende), le merlan, l’araignée et la fausse araignée. Chacune de ces pièces est un morceau de choix, voire un « morceau du boucher », notamment pour la poire, le merlan et l’araignée. Ils sont si bons que le boucher les garderait pour lui ou pour les vrais amateurs.;fotolia_61994107_subscription_xxl-copy.jpg
https://www.academiedugout.fr/ingredients/tendrons-de-veau_566;Tendrons de veau;Chez le veau, le tendron est une partie charnue et cartilagineuse du thorax située à l’extrémité des côtes. C’est une pièce de choix savoureuse qui se consomme de bien des manières : elle peut être grillée, marinée, braisée, mijotée en cocotte. Lorsque la viande est assez maigre, on en fait des « côtes parisiennes » que l’on grille comme des côtes.;fotolia_11857574_subscription_l.jpg
https://www.academiedugout.fr/ingredients/tournedos_591;Tournedos;Issu du filet de bœuf, le tournedos est une belle tranche ronde généralement bardée de lard gras. Elle mesure environ trois centimètres d’épaisseur. Ce n’est donc pas un morceau du bœuf à proprement parler, mais plutôt une manière de cuisiner le filet.;fotolia_45580342_subscription_xl-copy.jpg
https://www.academiedugout.fr/ingredients/travers-de-porc_571;Travers de porc;Le travers de porc est un morceau de viande qui longe d’une part la poitrine et d’autre part une partie du filet mignon, du carré et de l’échine. Ce morceau correspond aux 14 côtes de l’animal prélevées plutôt vers le bas de la cage thoracique. Le travers de porc est la star des barbecues, il est souvent mariné avant d’être grillé. Mais il se cuisine également à la cocotte ou au four.;travers-de-porc-bbq-copy.jpg
https://www.academiedugout.fr/ingredients/tripes_506;Tripes;Les tripes sont des abats dits blancs, elles doivent être blanchies avant de pouvoir être consommées. Elles correspondent aux estomacs de ruminants comme le bœuf, le veau et le mouton. Organe qui, chez ces animaux, est réparti en 4 compartiments : la caillette (estomac principal), la panse, le feuillet et le bonnet (pré-estomacs). Ce produit tripier bon marché et peu calorique fait partie de la gastronomie française.;tripes-2-copy.jpg
https://www.academiedugout.fr/ingredients/viande-des-grisons_529;Viande des Grisons;La viande des Grisons est une spécialité suisse de bœuf séché aux épices. C’est à la base une méthode de conservation de la viande devenue au fil du temps une charcuterie à part entière. Pendant sa fabrication, la viande perd la moitié de son poids. Les morceaux sont salés et assaisonnés d’herbes et d’épices puis superposés en couches dans un récipient conservé à une température de 0°C. Toutes les semaines, la disposition des morceaux change et leur ordre est inversé pour bien répartir les épices. Ce processus dure cinq semaines. La viande est ensuite séchée à l’air libre en filet et régulièrement pressée sur chaque face.;fotolia_37796309_subscription_xl-copy.jpg
https://www.academiedugout.fr/ingredients/volaille-de-bresse_816;Volaille de bresse;« Volaille de Bresse » désigne une filière avicole d’appellation d’origine protégée (AOP) unique en son genre situé dans l’Ain, la Saône-et-Loire et le Jura. Les poulets, dindes, chapons et poulardes de Bresse sont des produits d’exceptions, obtenus grâce à un savoir-faire strictement conservé. Issus d’une race locale, nourris avec amour, élevés avec soin, ils sont ensuite préparés minutieusement : plumés à la main puis conservés dans une toile de lin bien serrée (pour les poulardes de Noël) qui garantit leur tendreté.;fotolia_48470009_subscription_xxl-copy.jpg
https://www.academiedugout.fr/ingredients/roti_718;Rôti;Un rôti de bœuf est une pièce de viande cylindrique, le plus souvent ficelée et bardée avec du lard. Il ne s'agit pas d'un morceau de bœuf à proprement parler mais d'une préparation. Le rôti est façonné est à partir de morceaux nobles du bœuf comme le filet ou moins onéreux comme letende de tranche. Sa cuisson se fait au four ou à la cocotte. On le déguste alors rosée à l'intérieur.;fotolia_51547084_s-copy.jpg
https://www.academiedugout.fr/ingredients/chevre_579;Chèvre;La viande de chèvre est une viande rouge particulièrement maigre. Elle présente une saveur typée, moins corsée que celle du mouton. La viande caprine est consommée dans le cadre du régime crétois et est particulièrement appréciée en Grèce, mais également en Chine et en Corée. Elle est moins consommée dans le reste de l'Europe, qui lui préfère la viande de chevreau, plus douce. La chèvre produit également du lait, plus digeste que celui de vache, qui permet de réaliser des fromages frais, affinés ou secs, à la saveur plus affirmée.;chevre-2.jpg
https://www.academiedugout.fr/ingredients/jambon_514;Jambon;Le terme « jambon » peut aussi bien désigner la cuisse du porc que celle du sanglier ou de cervidés comme le cerf et le chevreuil. Selon l'animal, le jambon peut être cuit, sec, cru ou fumé.;fotolia_42569471_subscription_xl-copy.jpg
https://www.academiedugout.fr/ingredients/saucisse_535;Saucisse;Une saucisse est une charcuterie préparée à partir d’une mêlée (broyage de gras et de maigre) de porc, de bœuf ou de veau ou à partir d’abats (foie, tripes) que l’on embosse dans un boyau naturel (porc ou mouton) ou artificiel (industrie). Elle peut résulter d’un hachage fin (saucisse de Strasbourg) ou d’un hachage gros (saucisse de Morteau). Elle peut être fumée ou non, crue ou cuite, aromatisée aucumin, à l’ail ou simplement salée ou poivrée. Elle peut être cuite à l’eau, grillée ou poêlée.;fotolia_61363015_subscription_xxl-copy.jpg
https://www.academiedugout.fr/ingredients/foie_496;Foie;Viscère comestibles de plusieurs animaux, le foie est un abat de choix. Si certains sont considérés comme des parties moins nobles que viande de la bête, certains peuvent être très fins. Le foie veau est le plus réputé mais on en trouve d’autres : le foie d’agneau, lefoie de lapin, le foie de porc ou le foie de génisse. Depuis plusieurs décennies, les abats sont de moins en moins au goût du jour. Dommage car un foie bien cuisiné peut être un met raffiné. Et tous les foies ont des propriétés nutritionnelles plus intéressantes que la viande.;fotolia_56336049_subscription_xl-copy.jpg
https://www.academiedugout.fr/ingredients/grillade-porc_569;Grillade porc;La grillade est un morceau plat et fibreux qui se niche entre la palette, l’échine et le carré de côtes. On oublie souvent que ce morceau que l’on utilise davantage lors de barbecue sert aussi à réaliser de belles paupiettes de porc. Elles se cuisinent aussi en tant qu’escalopes toutes simples.;grillade-de-porc-copy.jpg
https://www.academiedugout.fr/ingredients/epaule-dagneau_568;Épaule d’agneau;Moins fort en bouche que le mouton, l’agneau est davantage apprécié que son aîné. Cette viande au goût caractéristique, qui plus est, tendre et savoureuse ne se déguste pas seulement pendant la courte période de Pâques ou n’est plus synonyme de repas de famille dominicaux. Le mouton ‒ et donc l’agneau ‒ est élevé sur tous les continents de la planète.;epaule-agneau-copy.jpg
https://www.academiedugout.fr/ingredients/bavette-cheval_575;Bavette (cheval);Viandes, volailles et charcuteries À propos La chair du cheval, savoureuse et d’une grande tendreté, offre une viande maigre riche en protéines. Chez le cheval comme chez le bœuf, la bavette est un morceau latéral du ventre. On compte deux types de bavette en viande chevaline : la bavette d’aloyau et la bavette de flanchet. Ce sont des pièces musculaires aux fibres longues et peu serrées, dont la texture est filandreuse. Les recettes sont similaires à celles à base de bavette de bœuf : on la déguste volontiers saisie à feu vif, accompagnée d’échalotes.;fotolia_57220508_subscription_xxl-copy.jpg
